id,name,surname,email
C1,Bethany,Powell,b.powel@gmail.com
C2,Felicia,Melton,f.melton@gmail.com
C3,Cameron,Crane,c.crane@gmail.com
C4,Felix,Nelson,f.nelson@gmail.com
C5,Stephanie,Lawrence,s.lawrence@gmail.com
C6,Barry,Raymond,b.rymond@gmail.com
C7,Timothy,Carson,t.carson@gmail.com
C8,Megan,Dalton,m.dalton@gmail.com
C9,Melodie,Hernandez,m.hernandez@gmail.com
C10,Quinn,Boyer,q.boyer@gmail.com
